home	https://dorar.net/history	https://dorar.net/history	200
search	https://dorar.net/history/search	https://dorar.net/history/search	200
refs	https://dorar.net/history/refs	https://dorar.net/history/refs	200
methodology	https://dorar.net/article/1986	https://dorar.net/article/1986/%D8%A7%D9%84%D9%85%D9%88%D8%B3%D9%88%D8%B9%D8%A9-%D8%A7%D9%84%D8%AA%D8%A7%D8%B1%D9%8A%D8%AE%D9%8A%D8%A9-%D8%B9%D9%85%D9%84%D9%86%D8%A7-%D9%81%D9%8A-%D8%A7%D9%84%D9%85%D9%88%D8%B3%D9%88%D8%B9%D8%A9	200
methodology_review	https://dorar.net/article/2106	https://dorar.net/article/2106/%D9%85%D9%86%D9%87%D8%AC%D9%8A%D8%A9-%D9%85%D9%88%D8%B3%D9%88%D8%B9%D8%A9-%D8%A7%D9%84%D8%AA%D8%A7%D8%B1%D9%8A%D8%AE%D9%8A%D8%A9	200
seerah_disagreement	https://dorar.net/history/1	https://dorar.net/history/1	200
seerah_prophetic_report	https://dorar.net/history/event/2	https://dorar.net/history/event/2	200
seerah_event	https://dorar.net/history/event/80	https://dorar.net/history/event/80	200
medieval_event	https://dorar.net/history/event/1571	https://dorar.net/history/event/1571	200
early_modern_event	https://dorar.net/history/event/3846	https://dorar.net/history/event/3846	200
contemporary_event	https://dorar.net/history/event/6230	https://dorar.net/history/event/6230	200
